{"type":"footer","name":"t:sections.footer.settings.footer-group.label","sections":{"footer":{"type":"footer","blocks":{"footer-0":{"type":"logo_info","settings":{"logo":"shopify:\/\/shop_images\/Altair_Main-removebg-preview.png","logo_width":90,"description":"Altair Pure Shilajit is the purest, most potent on the market. Sourced from the Altai Mountains, lab-tested, and packed with maximum fulvic acid for peak energy and wellness."}},"footer-2":{"type":"link_list","settings":{"heading":"Quick links","menu":"main-menu","default_open":false}},"footer-4":{"type":"contacts","name":"Have a question?","settings":{"address":"","phone":"","email":"info@altairpure.com","working_hours":""}}},"block_order":["footer-0","footer-2","footer-4"],"settings":{"color_scheme":"background-3","icon_style":"secondary","show_social":true,"enable_country_selector":true,"enable_language_selector":true,"payment_enable":true,"show_policy":false,"enable_copyright_date":true,"enable_copyright_shopname":true,"enable_follow_on_shop":false}}},"order":["footer"]}