{"type":"header","name":"t:sections.header.settings.header-group.label","sections":{"announcement-bar":{"type":"announcement-bar","settings":{"height":40,"height_mobile":40,"color_scheme":"","text":"<strong>Fuel Your Body with the Purest Shilajit on the Market!<\/strong>","button_label":"Shop Now","button_link":"shopify:\/\/products\/altair-shilajit"}},"header":{"type":"header","blocks":{"search_promo":{"type":"search_promo","settings":{"enable_search_promo":true,"show_links_block":true,"links_label":"Popular searches","link_label_1":"Some label","link_1":"","link_label_2":"Some label","link_2":"","link_label_3":"Some label","link_3":"","link_label_4":"","link_4":"","link_label_5":"","link_5":"","link_label_6":"","link_6":"","show_products_block":true,"products_label":"","product_list":[],"button_label":"","button_link":""}}},"block_order":["search_promo"],"settings":{"header_type":"top-menu","logo_position":"left-logo","full_menu":true,"background":"secondary","enable_border":false,"logo":"shopify:\/\/shop_images\/Altair_Main-removebg-preview_4804c454-228c-402e-a9b4-f7ca21dd1140.png","logo_width":90,"menu":"main-menu","enable_country_selector":true,"enable_language_selector":true,"enable_social":true,"sticky_header_type":"on-scroll-up","enable_search":true}}},"order":["announcement-bar","header"]}