{"current":{"color_scheme":"light","type_header_font":"syne_n6","type_header_font_card":"dm_sans_n5","type_text_font_card":"dm_sans_n4","type_body_font":"dm_sans_n4","type_subtitle_font":"roboto_mono_n5","subtitle_text_transform":"uppercase","subtitle_letter_spacing":0.3,"subtitle_scale":120,"type_button_font":"roboto_mono_n5","type_header_menu_font":"roboto_mono_n5","type_footer_menu_font":"dm_sans_n4","type_popups_heading_font":"syne_n6","custom_colors":"Cream: #C8C6C0\nSilver: #CED1D4\nBlack: #50565A","show_on_mobile":true,"predictive_search_enabled":true,"search_media_size":"square","enable_aside_menu":false,"cart_color_scheme":"background-2","currency_code_enabled":false,"sale_badge_color_scheme":"background-1","content_for_index":[],"color_schemes":{"background-1":{"settings":{"colors_text":"#282828","colors_secondary_text":"#616161","colors_tertiary_text":"#afafaf","colors_text_title":"#282828","colors_background_1":"#e6e6e6","colors_background_2":"#ffffff","background_gradient":"","colors_solid_button_labels":"#282828","colors_solid_button_labels_hover":"#282828","colors_solid_button_background":"#ffca00","colors_solid_button_background_hover":"#eed228","colors_secondary_button_labels":"#ffffff","colors_secondary_button_labels_hover":"#ffffff","colors_secondary_button_background":"#282828","colors_secondary_button_background_hover":"#000000","colors_tertiary_button_labels":"#282828","colors_tertiary_button_labels_hover":"#282828","colors_tertiary_button_background":"#f1f1f1","colors_tertiary_button_background_hover":"#eeeeee","card_new_price_color":"#282828","card_old_price_color":"#878787","colors_badge_background":"#767676","colors_badge_labels":"#ffffff","colors_input_background":"#ffffff","colors_input_hover_background":"#ffffff","colors_input_border":"#ffffff","colors_input_hover_border":"#ffffff","colors_marker_background":"#ffffff","colors_accent":"#282828","colors_background_overlay":"#ffffff","color_border":"#d3d3d3","colors_background_3":"#f1f1f1"}},"background-2":{"settings":{"colors_text":"#282828","colors_secondary_text":"#616161","colors_tertiary_text":"#afafaf","colors_text_title":"#282828","colors_background_1":"#ffffff","colors_background_2":"#f9f9f9","background_gradient":"","colors_solid_button_labels":"#282828","colors_solid_button_labels_hover":"#282828","colors_solid_button_background":"#ffca00","colors_solid_button_background_hover":"#eed228","colors_secondary_button_labels":"#ffffff","colors_secondary_button_labels_hover":"#ffffff","colors_secondary_button_background":"#282828","colors_secondary_button_background_hover":"#000000","colors_tertiary_button_labels":"#282828","colors_tertiary_button_labels_hover":"#282828","colors_tertiary_button_background":"#f1f1f1","colors_tertiary_button_background_hover":"#eeeeee","card_new_price_color":"#282828","card_old_price_color":"#878787","colors_badge_background":"#767676","colors_badge_labels":"#ffffff","colors_input_background":"#dadada","colors_input_hover_background":"#dadada","colors_input_border":"#dadada","colors_input_hover_border":"#dadada","colors_marker_background":"#ffffff","colors_accent":"#282828","colors_background_overlay":"#f5f0ed","color_border":"#d3d3d3","colors_background_3":"#ffffff"}},"background-3":{"settings":{"colors_text":"#ffffff","colors_secondary_text":"#f9f9f9","colors_tertiary_text":"#ffffff","colors_text_title":"#ffffff","colors_background_1":"#1f1f1f","colors_background_2":"#1e1e1e","background_gradient":"","colors_solid_button_labels":"#282828","colors_solid_button_labels_hover":"#282828","colors_solid_button_background":"#ffca00","colors_solid_button_background_hover":"#eed228","colors_secondary_button_labels":"#ffffff","colors_secondary_button_labels_hover":"#ffffff","colors_secondary_button_background":"#282828","colors_secondary_button_background_hover":"#000000","colors_tertiary_button_labels":"#282828","colors_tertiary_button_labels_hover":"#282828","colors_tertiary_button_background":"#ffffff","colors_tertiary_button_background_hover":"#f1f1f1","card_new_price_color":"#ffffff","card_old_price_color":"#999999","colors_badge_background":"#ffffff","colors_badge_labels":"#282828","colors_input_background":"#282828","colors_input_hover_background":"#282828","colors_input_border":"#282828","colors_input_hover_border":"#282828","colors_marker_background":"#ffffff","colors_accent":"#ffffff","colors_background_overlay":"#282828","color_border":"#3e3e3e","colors_background_3":"#333333"}},"background-4":{"settings":{"colors_text":"#dadada","colors_secondary_text":"#777777","colors_tertiary_text":"#afafaf","colors_text_title":"#dadada","colors_background_1":"#1f1f1f","colors_background_2":"#ffffff","background_gradient":"","colors_solid_button_labels":"#f9f9f9","colors_solid_button_labels_hover":"#f9f9f9","colors_solid_button_background":"#282828","colors_solid_button_background_hover":"#000000","colors_secondary_button_labels":"#ffffff","colors_secondary_button_labels_hover":"#ffffff","colors_secondary_button_background":"#282828","colors_secondary_button_background_hover":"#000000","colors_tertiary_button_labels":"#282828","colors_tertiary_button_labels_hover":"#282828","colors_tertiary_button_background":"#ffffff","colors_tertiary_button_background_hover":"#f1f1f1","card_new_price_color":"#ffffff","card_old_price_color":"#999999","colors_badge_background":"#ffffff","colors_badge_labels":"#282828","colors_input_background":"#282828","colors_input_hover_background":"#282828","colors_input_border":"#282828","colors_input_hover_border":"#282828","colors_marker_background":"#ffffff","colors_accent":"#ffffff","colors_background_overlay":"#282828","color_border":"#e6e6e6","colors_background_3":"#efefea"}}}},"presets":{"Connect":{"color_scheme":"light","type_header_font":"dm_sans_n4","type_header_font_card":"dm_sans_n5","type_text_font_card":"dm_sans_n4","type_body_font":"dm_sans_n4","type_subtitle_font":"roboto_mono_n5","subtitle_scale":120,"subtitle_text_transform":"uppercase","type_button_font":"roboto_mono_n5","type_header_menu_font":"roboto_mono_n5","type_footer_menu_font":"dm_sans_n4","custom_colors":"Cream: #C8C6C0\nSilver: #CED1D4\nBlack: #50565A","show_on_mobile":true,"search_media_size":"square","cart_color_scheme":"background-1","currency_code_enabled":false,"sale_badge_color_scheme":"background-1","content_for_index":[],"color_schemes":{"background-1":{"settings":{"colors_text":"#3F3F3F","colors_secondary_text":"#6a6a6a","colors_tertiary_text":"#727272","colors_text_title":"#3F3F3F","colors_background_1":"#F9F9F9","colors_background_2":"#ffffff","colors_background_3":"#EFEFEA","background_gradient":"","colors_solid_button_labels":"#3F3F3F","colors_solid_button_labels_hover":"#3F3F3F","colors_solid_button_background":"#F7D400","colors_solid_button_background_hover":"#EED228","colors_secondary_button_labels":"#ffffff","colors_secondary_button_labels_hover":"#ffffff","colors_secondary_button_background":"#3F3F3F","colors_secondary_button_background_hover":"#272724","colors_tertiary_button_labels":"#3F3F3F","colors_tertiary_button_labels_hover":"#3F3F3F","colors_tertiary_button_background":"#f1f1f1","colors_tertiary_button_background_hover":"#eeeeee","colors_marker_background":"#ffffff","colors_badge_background":"#2e69fd","colors_badge_labels":"#FFFFFF","colors_input_background":"#f1f1f1","colors_input_hover_background":"#f1f1f1","colors_input_border":"#f1f1f1","colors_input_hover_border":"#f1f1f1","colors_background_overlay":"#ffffff","color_border":"#e6e6e6","colors_accent":"#3F3F3F"}},"background-2":{"settings":{"colors_text":"#3f3f3f","colors_secondary_text":"#6d6d6d","colors_tertiary_text":"#6d6d6d","colors_text_title":"#3f3f3f","colors_background_1":"#ffffff","colors_background_2":"#f1f1f1","background_gradient":"","colors_solid_button_labels":"#3f3f3f","colors_solid_button_labels_hover":"#3f3f3f","colors_solid_button_background":"#f7d400","colors_solid_button_background_hover":"#eed228","colors_secondary_button_labels":"#ffffff","colors_secondary_button_labels_hover":"#ffffff","colors_secondary_button_background":"#3f3f3f","colors_secondary_button_background_hover":"#3f3f3f","colors_tertiary_button_labels":"#3f3f3f","colors_tertiary_button_labels_hover":"#3f3f3f","colors_tertiary_button_background":"#ffffff","colors_tertiary_button_background_hover":"#ffffff","card_new_price_color":"#3F3F3F","card_old_price_color":"#737373","colors_badge_background":"#2e69fd","colors_badge_labels":"#FFFFFF","colors_input_background":"#ffffff","colors_input_hover_background":"#ffffff","colors_input_border":"#f1f1f1","colors_input_hover_border":"#f1f1f1","colors_marker_background":"#ffffff","colors_accent":"#3f3f3f","colors_background_overlay":"#f5f0ed","color_border":"#dfdfdf","colors_background_3":"#efefea"}},"background-3":{"settings":{"colors_text":"#ffffff","colors_secondary_text":"#f9f9f9","colors_tertiary_text":"#ffffff","colors_text_title":"#ffffff","colors_background_1":"#3F3F3F","colors_background_2":"#535551","background_gradient":"","colors_solid_button_labels":"#3F3F3F","colors_solid_button_labels_hover":"#3f3f3f","colors_solid_button_background":"#f7d400","colors_solid_button_background_hover":"#eed228","colors_secondary_button_labels":"#ffffff","colors_secondary_button_labels_hover":"#ffffff","colors_secondary_button_background":"#3f3f3f","colors_secondary_button_background_hover":"#3f3f3f","colors_tertiary_button_labels":"#f9f9f9","colors_tertiary_button_labels_hover":"#f9f9f9","colors_tertiary_button_background":"#3f3f3f","colors_tertiary_button_background_hover":"#777777","card_new_price_color":"#FFFFFF","card_old_price_color":"#E2E2E2","colors_badge_background":"#2e69fd","colors_badge_labels":"#FFFFFF","colors_input_background":"#3f3f3f","colors_input_hover_background":"#3f3f3f","colors_input_border":"#f1f1f1","colors_input_hover_border":"#f1f1f1","colors_marker_background":"#ffffff","colors_accent":"#3f3f3f","colors_background_overlay":"#131313","color_border":"#3e3e3e","colors_background_3":"#333333"}},"background-4":{"settings":{"colors_text":"#3f3f3f","colors_secondary_text":"#777777","colors_tertiary_text":"#afafaf","colors_text_title":"#3f3f3f","colors_background_1":"#f7d400","colors_background_2":"#FFFBE5","background_gradient":"","colors_solid_button_labels":"#f9f9f9","colors_solid_button_labels_hover":"#f9f9f9","colors_solid_button_background":"#272724","colors_solid_button_background_hover":"#272724","colors_secondary_button_labels":"#ffffff","colors_secondary_button_labels_hover":"#ffffff","colors_secondary_button_background":"#3f3f3f","colors_secondary_button_background_hover":"#474745","colors_tertiary_button_labels":"#3f3f3f","colors_tertiary_button_labels_hover":"#3f3f3f","colors_tertiary_button_background":"#ffffff","colors_tertiary_button_background_hover":"#ffffff","card_new_price_color":"#3F3F3F","card_old_price_color":"#737373","colors_badge_background":"#2e69fd","colors_badge_labels":"#ffffff","colors_input_background":"#ffffff","colors_input_hover_background":"#ffffff","colors_input_border":"#ffffff","colors_input_hover_border":"#ffffff","colors_marker_background":"#ffffff","colors_accent":"#F1E59B","colors_background_overlay":"#ffffff","color_border":"#e6e6e6","colors_background_3":"#efefea"}}}},"Retouch":{"color_scheme":"light","type_header_font":"figtree_n5","type_header_font_card":"dm_sans_n5","type_text_font_card":"dm_sans_n4","type_body_font":"dm_sans_n4","type_subtitle_font":"roboto_mono_n5","subtitle_scale":120,"subtitle_text_transform":"uppercase","type_button_font":"roboto_mono_n5","type_header_menu_font":"roboto_mono_n5","type_footer_menu_font":"dm_sans_n4","type_popups_heading_font":"figtree_n5","custom_colors":"Cream: #C8C6C0\nSilver: #CED1D4\nBlack: #50565A","show_on_mobile":true,"search_media_size":"square","cart_color_scheme":"background-4","currency_code_enabled":false,"sale_badge_color_scheme":"background-1","content_for_index":[],"color_schemes":{"background-1":{"settings":{"colors_text":"#272724","colors_secondary_text":"#777777","colors_tertiary_text":"#afafaf","colors_text_title":"#272724","colors_background_1":"#ffffff","colors_background_2":"#f3f4f1","background_gradient":"","colors_solid_button_labels":"#ebebeb","colors_solid_button_labels_hover":"#ebebeb","colors_solid_button_background":"#272724","colors_solid_button_background_hover":"#000000","colors_secondary_button_labels":"#ebebeb","colors_secondary_button_labels_hover":"#ebebeb","colors_secondary_button_background":"#272724","colors_secondary_button_background_hover":"#000000","colors_tertiary_button_labels":"#3f3f3f","colors_tertiary_button_labels_hover":"#3f3f3f","colors_tertiary_button_background":"#ffffff","colors_tertiary_button_background_hover":"#f9f9f9","card_new_price_color":"#272724","card_old_price_color":"#777777","colors_badge_background":"#ed5b43","colors_badge_labels":"#ffffff","colors_input_background":"#f3f4f1","colors_input_hover_background":"#f3f4f1","colors_input_border":"#f3f4f1","colors_input_hover_border":"#f3f4f1","colors_marker_background":"#ffffff","colors_accent":"#ed5b43","colors_background_overlay":"#f3f4f1","color_border":"#ececec","colors_background_3":"#f3f4f1"}},"background-2":{"settings":{"colors_text":"#272724","colors_secondary_text":"#6d6d6d","colors_tertiary_text":"#6d6d6d","colors_text_title":"#272724","colors_background_1":"#f2f3f0","colors_background_2":"#f2f3f0","background_gradient":"","colors_solid_button_labels":"#272724","colors_solid_button_labels_hover":"#272724","colors_solid_button_background":"#ffffff","colors_solid_button_background_hover":"#ffffff","colors_secondary_button_labels":"#ebebeb","colors_secondary_button_labels_hover":"#ebebeb","colors_secondary_button_background":"#272724","colors_secondary_button_background_hover":"#000000","colors_tertiary_button_labels":"#272724","colors_tertiary_button_labels_hover":"#272724","colors_tertiary_button_background":"#ffffff","colors_tertiary_button_background_hover":"#f9f9f9","card_new_price_color":"#272724","card_old_price_color":"#272724","colors_badge_background":"#ed5b43","colors_badge_labels":"#ffffff","colors_input_background":"#ffffff","colors_input_hover_background":"#ffffff","colors_input_border":"#ffffff","colors_input_hover_border":"#ffffff","colors_marker_background":"#ffffff","colors_accent":"#ed5b43","colors_background_overlay":"#f3f4f1","color_border":"#ececec","colors_background_3":"#f3f4f1"}},"background-3":{"settings":{"colors_text":"#ffffff","colors_secondary_text":"#f9f9f9","colors_tertiary_text":"#ffffff","colors_text_title":"#ffffff","colors_background_1":"#272724","colors_background_2":"#535551","background_gradient":"","colors_solid_button_labels":"#3f3f3f","colors_solid_button_labels_hover":"#272724","colors_solid_button_background":"#ffffff","colors_solid_button_background_hover":"#ffffff","colors_secondary_button_labels":"#ffffff","colors_secondary_button_labels_hover":"#ffffff","colors_secondary_button_background":"#272724","colors_secondary_button_background_hover":"#272724","colors_tertiary_button_labels":"#f9f9f9","colors_tertiary_button_labels_hover":"#f9f9f9","colors_tertiary_button_background":"#272724","colors_tertiary_button_background_hover":"#777777","card_new_price_color":"#ffffff","card_old_price_color":"#ffffff","colors_badge_background":"#ffffff","colors_badge_labels":"#131313","colors_input_background":"#3f3f3f","colors_input_hover_background":"#3f3f3f","colors_input_border":"#f1f1f1","colors_input_hover_border":"#f1f1f1","colors_marker_background":"#ffffff","colors_accent":"#3f3f3f","colors_background_overlay":"#131313","color_border":"#3e3e3e","colors_background_3":"#333333"}},"background-4":{"settings":{"colors_text":"#747473","colors_secondary_text":"#777777","colors_tertiary_text":"#afafaf","colors_text_title":"#747473","colors_background_1":"#f3f4f1","colors_background_2":"#ffffff","background_gradient":"","colors_solid_button_labels":"#ebebeb","colors_solid_button_labels_hover":"#ebebeb","colors_solid_button_background":"#272724","colors_solid_button_background_hover":"#000000","colors_secondary_button_labels":"#ffffff","colors_secondary_button_labels_hover":"#ffffff","colors_secondary_button_background":"#272724","colors_secondary_button_background_hover":"#000000","colors_tertiary_button_labels":"#272724","colors_tertiary_button_labels_hover":"#272724","colors_tertiary_button_background":"#f3f4f1","colors_tertiary_button_background_hover":"#e7e9e3","card_new_price_color":"#3f3f3f","card_old_price_color":"#999999","colors_badge_background":"#ed5b43","colors_badge_labels":"#ffffff","colors_input_background":"#ffffff","colors_input_hover_background":"#ffffff","colors_input_border":"#ffffff","colors_input_hover_border":"#ffffff","colors_marker_background":"#ffffff","colors_accent":"#3f3f3f","colors_background_overlay":"#ffffff","color_border":"#e6e6e6","colors_background_3":"#efefea"}}}},"Spin":{"color_scheme":"light","type_header_font":"archivo_n5","type_header_font_card":"dm_sans_n5","type_text_font_card":"dm_sans_n4","type_body_font":"dm_sans_n4","type_subtitle_font":"roboto_mono_n5","subtitle_scale":120,"subtitle_text_transform":"uppercase","type_button_font":"roboto_mono_n5","type_header_menu_font":"roboto_mono_n5","type_footer_menu_font":"dm_sans_n4","type_popups_heading_font":"archivo_n5","custom_colors":"Cream: #C8C6C0\nSilver: #CED1D4\nBlack: #50565A","show_on_mobile":true,"search_media_size":"square","cart_color_scheme":"background-1","currency_code_enabled":false,"sale_badge_color_scheme":"background-1","content_for_index":[],"color_schemes":{"background-1":{"settings":{"colors_text":"#161616","colors_secondary_text":"#5c5c5c","colors_tertiary_text":"#afafaf","colors_text_title":"#161616","colors_background_1":"#ffffff","colors_background_2":"#f8f8f8","background_gradient":"","colors_solid_button_labels":"#ffffff","colors_solid_button_labels_hover":"#ffffff","colors_solid_button_background":"#161616","colors_solid_button_background_hover":"#1e1e1e","colors_secondary_button_labels":"#ffffff","colors_secondary_button_labels_hover":"#ffffff","colors_secondary_button_background":"#161616","colors_secondary_button_background_hover":"#1e1e1e","colors_tertiary_button_labels":"#161616","colors_tertiary_button_labels_hover":"#161616","colors_tertiary_button_background":"#f1f1f1","colors_tertiary_button_background_hover":"#eeeeee","card_new_price_color":"#161616","card_old_price_color":"#afafaf","colors_badge_background":"#ffffff","colors_badge_labels":"#161616","colors_input_background":"#f1f1f1","colors_input_hover_background":"#f1f1f1","colors_input_border":"#f1f1f1","colors_input_hover_border":"#f1f1f1","colors_marker_background":"#ffffff","colors_accent":"#161616","colors_background_overlay":"#ffffff","color_border":"#e6e6e6","colors_background_3":"#efefea"}},"background-2":{"settings":{"colors_text":"#161616","colors_secondary_text":"#5c5c5c","colors_tertiary_text":"#6d6d6d","colors_text_title":"#161616","colors_background_1":"#f8f8f8","colors_background_2":"#ffffff","background_gradient":"","colors_solid_button_labels":"#161616","colors_solid_button_labels_hover":"#161616","colors_solid_button_background":"#ffffff","colors_solid_button_background_hover":"#161616","colors_secondary_button_labels":"#ffffff","colors_secondary_button_labels_hover":"#ffffff","colors_secondary_button_background":"#161616","colors_secondary_button_background_hover":"#1e1e1e","colors_tertiary_button_labels":"#161616","colors_tertiary_button_labels_hover":"#161616","colors_tertiary_button_background":"#f1f1f1","colors_tertiary_button_background_hover":"#eeeeee","card_new_price_color":"#161616","card_old_price_color":"#161616","colors_badge_background":"#ffffff","colors_badge_labels":"#161616","colors_input_background":"#ffffff","colors_input_hover_background":"#ffffff","colors_input_border":"#f1f1f1","colors_input_hover_border":"#f1f1f1","colors_marker_background":"#ffffff","colors_accent":"#161616","colors_background_overlay":"#f5f0ed","color_border":"#dfdfdf","colors_background_3":"#efefea"}},"background-3":{"settings":{"colors_text":"#ffffff","colors_secondary_text":"#f9f9f9","colors_tertiary_text":"#ffffff","colors_text_title":"#ffffff","colors_background_1":"#1e1e1e","colors_background_2":"#535551","background_gradient":"","colors_solid_button_labels":"#ffffff","colors_solid_button_labels_hover":"#ffffff","colors_solid_button_background":"#161616","colors_solid_button_background_hover":"#1e1e1e","colors_secondary_button_labels":"#ffffff","colors_secondary_button_labels_hover":"#ffffff","colors_secondary_button_background":"#161616","colors_secondary_button_background_hover":"#1e1e1e","colors_tertiary_button_labels":"#f9f9f9","colors_tertiary_button_labels_hover":"#f9f9f9","colors_tertiary_button_background":"#161616","colors_tertiary_button_background_hover":"#1e1e1e","card_new_price_color":"#ffffff","card_old_price_color":"#ffffff","colors_badge_background":"#ffffff","colors_badge_labels":"#161616","colors_input_background":"#161616","colors_input_hover_background":"#161616","colors_input_border":"#f1f1f1","colors_input_hover_border":"#f1f1f1","colors_marker_background":"#ffffff","colors_accent":"#ffffff","colors_background_overlay":"#161616","color_border":"#3e3e3e","colors_background_3":"#333333"}},"background-4":{"settings":{"colors_text":"#161616","colors_secondary_text":"#777777","colors_tertiary_text":"#afafaf","colors_text_title":"#161616","colors_background_1":"#f9f9f9","colors_background_2":"#f9f9f9","background_gradient":"","colors_solid_button_labels":"#f9f9f9","colors_solid_button_labels_hover":"#f9f9f9","colors_solid_button_background":"#272724","colors_solid_button_background_hover":"#272724","colors_secondary_button_labels":"#ffffff","colors_secondary_button_labels_hover":"#ffffff","colors_secondary_button_background":"#161616","colors_secondary_button_background_hover":"#1e1e1e","colors_tertiary_button_labels":"#161616","colors_tertiary_button_labels_hover":"#161616","colors_tertiary_button_background":"#ffffff","colors_tertiary_button_background_hover":"#ffffff","card_new_price_color":"#161616","card_old_price_color":"#999999","colors_badge_background":"#161616","colors_badge_labels":"#ffffff","colors_input_background":"#ffffff","colors_input_hover_background":"#f1f1f1","colors_input_border":"#ffffff","colors_input_hover_border":"#f1f1f1","colors_marker_background":"#ffffff","colors_accent":"#161616","colors_background_overlay":"#ffffff","color_border":"#e6e6e6","colors_background_3":"#efefea"}}}},"Reflect":{"color_scheme":"light","type_header_font":"poppins_n5","type_header_font_card":"dm_sans_n5","type_text_font_card":"dm_sans_n4","type_body_font":"dm_sans_n4","type_subtitle_font":"roboto_mono_n5","subtitle_scale":120,"subtitle_text_transform":"uppercase","type_button_font":"roboto_mono_n5","type_header_menu_font":"roboto_mono_n5","type_footer_menu_font":"dm_sans_n4","type_popups_heading_font":"poppins_n5","custom_colors":"Cream: #C8C6C0\nSilver: #CED1D4\nBlack: #50565A","show_on_mobile":true,"search_media_size":"square","cart_color_scheme":"background-2","currency_code_enabled":false,"sale_badge_color_scheme":"background-1","content_for_index":[],"color_schemes":{"background-1":{"settings":{"colors_text":"#171813","colors_secondary_text":"#5b5a54","colors_tertiary_text":"#5b5a54","colors_text_title":"#171813","colors_background_1":"#f8f4ec","colors_background_2":"#ebe5da","background_gradient":"","colors_solid_button_labels":"#ffffff","colors_solid_button_labels_hover":"#ffffff","colors_solid_button_background":"#202d1f","colors_solid_button_background_hover":"#424c41","colors_secondary_button_labels":"#ffffff","colors_secondary_button_labels_hover":"#ffffff","colors_secondary_button_background":"#272724","colors_secondary_button_background_hover":"#3f3f3f","colors_tertiary_button_labels":"#3f3f3f","colors_tertiary_button_labels_hover":"#3f3f3f","colors_tertiary_button_background":"#ffffff","colors_tertiary_button_background_hover":"#f9f9f9","card_new_price_color":"#fc7a53","card_old_price_color":"#171813","colors_badge_background":"#424c41","colors_badge_labels":"#ffffff","colors_input_background":"#ffffff","colors_input_hover_background":"#ffffff","colors_input_border":"#ffffff","colors_input_hover_border":"#ffffff","colors_marker_background":"#ffffff","colors_accent":"#171813","colors_background_overlay":"#ffffff","color_border":"#e2ded6","colors_background_3":"#efefea"}},"background-2":{"settings":{"colors_text":"#171813","colors_secondary_text":"#171813","colors_tertiary_text":"#6d6d6d","colors_text_title":"#171813","colors_background_1":"#ebe5da","colors_background_2":"#f8f4ec","background_gradient":"","colors_solid_button_labels":"#ffffff","colors_solid_button_labels_hover":"#ffffff","colors_solid_button_background":"#202d1f","colors_solid_button_background_hover":"#424c41","colors_secondary_button_labels":"#ffffff","colors_secondary_button_labels_hover":"#ffffff","colors_secondary_button_background":"#272724","colors_secondary_button_background_hover":"#3f3f3f","colors_tertiary_button_labels":"#3f3f3f","colors_tertiary_button_labels_hover":"#3f3f3f","colors_tertiary_button_background":"#ffffff","colors_tertiary_button_background_hover":"#f9f9f9","card_new_price_color":"#FC7A53","card_old_price_color":"#171813","colors_badge_background":"#424c41","colors_badge_labels":"#ffffff","colors_input_background":"#ffffff","colors_input_hover_background":"#ffffff","colors_input_border":"#FFFFFF","colors_input_hover_border":"#FFFFFF","colors_marker_background":"#202d1f","colors_accent":"#171813","colors_background_overlay":"#f5f0ed","color_border":"#dfdfdf","colors_background_3":"#efefea"}},"background-3":{"settings":{"colors_text":"#ffffff","colors_secondary_text":"#f9f9f9","colors_tertiary_text":"#ffffff","colors_text_title":"#ffffff","colors_background_1":"#202d1f","colors_background_2":"#1e1e1e","background_gradient":"","colors_solid_button_labels":"#171813","colors_solid_button_labels_hover":"#171813","colors_solid_button_background":"#FFFFFF","colors_solid_button_background_hover":"#EEEEEE","colors_secondary_button_labels":"#FFFFFF","colors_secondary_button_labels_hover":"#FFFFFF","colors_secondary_button_background":"#202D1F","colors_secondary_button_background_hover":"#424C41","colors_tertiary_button_labels":"#171813","colors_tertiary_button_labels_hover":"#171813","colors_tertiary_button_background":"#ffffff","colors_tertiary_button_background_hover":"#eeeeee","card_new_price_color":"#3f3f3f","card_old_price_color":"#999999","colors_badge_background":"#ffffff","colors_badge_labels":"#131313","colors_input_background":"#424C41","colors_input_hover_background":"#424C41","colors_input_border":"#424C41","colors_input_hover_border":"#424C41","colors_marker_background":"#ffffff","colors_accent":"#ffffff","colors_background_overlay":"#131313","color_border":"#3e3e3e","colors_background_3":"#333333"}},"background-4":{"settings":{"colors_text":"#171813","colors_secondary_text":"#777777","colors_tertiary_text":"#afafaf","colors_text_title":"#171813","colors_background_1":"#ebe5da","colors_background_2":"#f8f4ec","background_gradient":"","colors_solid_button_labels":"#ffffff","colors_solid_button_labels_hover":"#ffffff","colors_solid_button_background":"#202D1F","colors_solid_button_background_hover":"#424C41","colors_secondary_button_labels":"#ffffff","colors_secondary_button_labels_hover":"#ffffff","colors_secondary_button_background":"#171813","colors_secondary_button_background_hover":"#000000","colors_tertiary_button_labels":"#171813","colors_tertiary_button_labels_hover":"#171813","colors_tertiary_button_background":"#ffffff","colors_tertiary_button_background_hover":"#ffffff","card_new_price_color":"#FC7A53","card_old_price_color":"#171813","colors_badge_background":"#424c41","colors_badge_labels":"#ffffff","colors_input_background":"#ffffff","colors_input_hover_background":"#ffffff","colors_input_border":"#ffffff","colors_input_hover_border":"#ffffff","colors_marker_background":"#ffffff","colors_accent":"#171813","colors_background_overlay":"#ffffff","color_border":"#e6e6e6","colors_background_3":"#efefea"}}}},"Focus":{"color_scheme":"light","type_header_font":"syne_n6","type_header_font_card":"dm_sans_n5","type_text_font_card":"dm_sans_n4","type_body_font":"dm_sans_n4","type_subtitle_font":"roboto_mono_n5","subtitle_scale":120,"subtitle_text_transform":"uppercase","subtitle_letter_spacing":0.3,"type_button_font":"roboto_mono_n5","type_header_menu_font":"roboto_mono_n5","type_footer_menu_font":"dm_sans_n4","type_popups_heading_font":"syne_n6","custom_colors":"Cream: #C8C6C0\nSilver: #CED1D4\nBlack: #50565A","show_on_mobile":true,"search_media_size":"square","cart_color_scheme":"background-2","currency_code_enabled":false,"sale_badge_color_scheme":"background-1","content_for_index":[],"color_schemes":{"background-1":{"settings":{"colors_text":"#282828","colors_secondary_text":"#616161","colors_tertiary_text":"#afafaf","colors_text_title":"#282828","colors_background_1":"#e6e6e6","colors_background_2":"#ffffff","background_gradient":"","colors_solid_button_labels":"#282828","colors_solid_button_labels_hover":"#282828","colors_solid_button_background":"#ffca00","colors_solid_button_background_hover":"#eed228","colors_secondary_button_labels":"#ffffff","colors_secondary_button_labels_hover":"#ffffff","colors_secondary_button_background":"#282828","colors_secondary_button_background_hover":"#000000","colors_tertiary_button_labels":"#282828","colors_tertiary_button_labels_hover":"#282828","colors_tertiary_button_background":"#f1f1f1","colors_tertiary_button_background_hover":"#eeeeee","card_new_price_color":"#282828","card_old_price_color":"#878787","colors_badge_background":"#767676","colors_badge_labels":"#ffffff","colors_input_background":"#ffffff","colors_input_hover_background":"#ffffff","colors_input_border":"#ffffff","colors_input_hover_border":"#ffffff","colors_marker_background":"#ffffff","colors_accent":"#282828","colors_background_overlay":"#ffffff","color_border":"#d3d3d3","colors_background_3":"#f1f1f1"}},"background-2":{"settings":{"colors_text":"#282828","colors_secondary_text":"#616161","colors_tertiary_text":"#afafaf","colors_text_title":"#282828","colors_background_1":"#ffffff","colors_background_2":"#f9f9f9","background_gradient":"","colors_solid_button_labels":"#282828","colors_solid_button_labels_hover":"#282828","colors_solid_button_background":"#ffca00","colors_solid_button_background_hover":"#eed228","colors_secondary_button_labels":"#ffffff","colors_secondary_button_labels_hover":"#ffffff","colors_secondary_button_background":"#282828","colors_secondary_button_background_hover":"#000000","colors_tertiary_button_labels":"#282828","colors_tertiary_button_labels_hover":"#282828","colors_tertiary_button_background":"#f1f1f1","colors_tertiary_button_background_hover":"#eeeeee","card_new_price_color":"#282828","card_old_price_color":"#878787","colors_badge_background":"#767676","colors_badge_labels":"#ffffff","colors_input_background":"#dadada","colors_input_hover_background":"#dadada","colors_input_border":"#dadada","colors_input_hover_border":"#dadada","colors_marker_background":"#ffffff","colors_accent":"#282828","colors_background_overlay":"#f5f0ed","color_border":"#d3d3d3","colors_background_3":"#ffffff"}},"background-3":{"settings":{"colors_text":"#ffffff","colors_secondary_text":"#f9f9f9","colors_tertiary_text":"#ffffff","colors_text_title":"#ffffff","colors_background_1":"#1f1f1f","colors_background_2":"#1e1e1e","background_gradient":"","colors_solid_button_labels":"#282828","colors_solid_button_labels_hover":"#282828","colors_solid_button_background":"#ffca00","colors_solid_button_background_hover":"#eed228","colors_secondary_button_labels":"#ffffff","colors_secondary_button_labels_hover":"#ffffff","colors_secondary_button_background":"#282828","colors_secondary_button_background_hover":"#000000","colors_tertiary_button_labels":"#282828","colors_tertiary_button_labels_hover":"#282828","colors_tertiary_button_background":"#ffffff","colors_tertiary_button_background_hover":"#f1f1f1","card_new_price_color":"#ffffff","card_old_price_color":"#999999","colors_badge_background":"#ffffff","colors_badge_labels":"#282828","colors_input_background":"#282828","colors_input_hover_background":"#282828","colors_input_border":"#282828","colors_input_hover_border":"#282828","colors_marker_background":"#ffffff","colors_accent":"#ffffff","colors_background_overlay":"#282828","color_border":"#3e3e3e","colors_background_3":"#333333"}},"background-4":{"settings":{"colors_text":"#dadada","colors_secondary_text":"#777777","colors_tertiary_text":"#afafaf","colors_text_title":"#dadada","colors_background_1":"#1f1f1f","colors_background_2":"#ffffff","background_gradient":"","colors_solid_button_labels":"#f9f9f9","colors_solid_button_labels_hover":"#f9f9f9","colors_solid_button_background":"#282828","colors_solid_button_background_hover":"#000000","colors_secondary_button_labels":"#ffffff","colors_secondary_button_labels_hover":"#ffffff","colors_secondary_button_background":"#282828","colors_secondary_button_background_hover":"#000000","colors_tertiary_button_labels":"#282828","colors_tertiary_button_labels_hover":"#282828","colors_tertiary_button_background":"#ffffff","colors_tertiary_button_background_hover":"#f1f1f1","card_new_price_color":"#ffffff","card_old_price_color":"#999999","colors_badge_background":"#ffffff","colors_badge_labels":"#282828","colors_input_background":"#282828","colors_input_hover_background":"#282828","colors_input_border":"#282828","colors_input_hover_border":"#282828","colors_marker_background":"#ffffff","colors_accent":"#ffffff","colors_background_overlay":"#282828","color_border":"#e6e6e6","colors_background_3":"#efefea"}}}}}}