{
  "sections": {
    "banner": {
      "type": "main-collection-banner",
      "settings": {
        "show_collection_image": true,
        "margin_top": "no-indent",
        "margin_bottom": "no-indent"
      }
    },
    "product-grid": {
      "type": "main-collection-product-grid",
      "settings": {
        "products_per_page": 12,
        "image_ratio": "square",
        "image_fit": "cover",
        "show_secondary_image": true,
        "show_vendor": false,
        "show_desc": false,
        "enable_filtering": true,
        "enable_sorting": true,
        "margin_top": "xs",
        "margin_bottom": "xl"
      }
    }
  },
  "order": [
    "banner",
    "product-grid"
  ]
}
