{"sections":{"slideshow_HXHbtm":{"type":"slideshow","blocks":{"slideshow_item_NmwndF":{"type":"slideshow_item","settings":{"desktop_image":"shopify:\/\/shop_images\/Altair_Homepage_slider.jpg","color_scheme":"background-3","heading":"<strong>Altair Pure<\/strong>","text":"<p>Unmatched Purity. Unstoppable Power.<\/p>","text_width":"small","button_label":"UNLEASH TRUE POWER","button_link":"shopify:\/\/products\/altair-shilajit","button_dot":true,"button_style":"primary","overlay_enable":true,"overlay_opacity":0,"overlay_opacity_mobile":0}},"slideshow_item_Dj7yai":{"type":"slideshow_item","disabled":true,"settings":{"desktop_image":"shopify:\/\/shop_images\/slider.jpg","color_scheme":"background-3","heading":"Maximum Power","text":"<p>Provide your body with the finest pure shilajit to thrive, prosper, and promote wellness.<\/p>","text_width":"small","button_label":"ELEVATE YOUR HEALTH","button_link":"shopify:\/\/pages\/purity-proof","button_dot":true,"button_style":"primary","overlay_enable":true,"overlay_opacity":0,"overlay_opacity_mobile":0}}},"block_order":["slideshow_item_NmwndF","slideshow_item_Dj7yai"],"settings":{"header_overlay":true,"header_transparent":false,"color_scheme_header":"","light_logo":true,"section_layout":"full","text_position":"center","pagination_position":"bottom","image_size":"16\/9","image_size_mobile":"21\/9","text_position_mobile":"bottom-left","is_autoplay":true,"is_hover_stop_autoplay":false,"slideshow_speed":1.1,"slideshow_delay":3,"slide_effects":"slide","text_animation":false,"margin_top":"no-indent","margin_bottom":"no-indent"}},"blockquote_rwtxJE":{"type":"blockquote","settings":{"section_subheading":"About","dot":true,"blockquote":"Altair Pure offers the highest fulvic acid content, ensuring superior strength and unmatched potency.","section_blockquote_size":"h1","author_name":"","author_position":"","section_button_label":"WHAT MAKES US UNIQUE","section_button_link":"shopify:\/\/pages\/why-altair","button_dot":true,"section_button_style":"primary","margin_top":"xl","margin_bottom":"no-indent"}},"image_with_text_diybjH":{"type":"image-with-text","settings":{"color_scheme":"","image_position":"image_left","content_alignment":"left","image":"shopify:\/\/shop_images\/Gold_standard_2.png","image_size":"1\/1","subheading":"ABOUT","dot":true,"heading":"The Gold Standard of Shilajit","heading_size":"h1","text":"<p>Many claim purity—few prove it. Altair Pure undergoes extensive lab testing to guarantee superior quality, free from additives and contaminants, so you get the full strength of nature’s ultimate super nutrient.<\/p>","button_label":"VIEW LAB RESULTS","button_link":"https:\/\/cdn.shopify.com\/s\/files\/1\/0727\/9889\/6342\/files\/Final_Altair_Shilapure_Lab_Test_1.pdf?v=1741641572","button_style":"primary","button_dot":true,"margin_top":"s","margin_bottom":"s"}},"card-list":{"type":"card-list","blocks":{"product_1":{"type":"card","settings":{"image":"shopify:\/\/shop_images\/3.png","badge":"AUTHENTIC SOURCING","badge_style":"primary","text":"<heading><h3>Sourced at the Summit<\/h3>\nThe finest wild-harvested Shilajit resin on the planet, sourced at over 17,000 feet in the Altai Mountains for unmatched purity.<\/heading>"}},"product_2":{"type":"card","settings":{"image":"shopify:\/\/shop_images\/2.png","badge":"HIGHEST PURITY","badge_style":"primary","text":"<heading><h3>Tested for Perfection<\/h3>\n\nFree from fillers, heavy metals, and contaminants—every batch is lab-tested to ensure absolute quality<\/heading>"}},"product_3":{"type":"card","settings":{"image":"shopify:\/\/shop_images\/1.png","badge":"PRECISION PROCESSING","badge_style":"primary","text":"<heading><h3>Maximum Potency<\/h3>\n\nOur low-heat extraction keeps Shilajit’s nutrients intact—pure, potent, and biologically active, just as nature intended.<\/heading>"}}},"block_order":["product_1","product_2","product_3"],"settings":{"section_heading":"","section_heading_size":"h3","subheading":"","dot":true,"line":false,"columns_per_row":3,"image_ratio":"3\/4","columns_mobile":"1","swipe_on_mobile":false,"margin_top":"xl","margin_bottom":"no-indent"}},"featured_product_A4wcRb":{"type":"featured-product","blocks":{"text_GXHYd7":{"type":"text","disabled":true,"settings":{"text":"{{ section.settings.product_item.vendor }}"}},"title_AEkjaj":{"type":"title","settings":{"heading_size":"h2","badges_type":"inline","badges_color":""}},"price_tRVid3":{"type":"price","settings":{"show_tax_info":false,"show_shipping":false}},"variant_picker_wMbR6g":{"type":"variant_picker","settings":{"picker_type":"button"}},"inventory_N9ffLA":{"type":"inventory","settings":{"show_inventory_quantity":true}},"buy_buttons_N6KPeL":{"type":"buy_buttons","settings":{"show_dynamic_checkout":true,"show_quantity":true,"show_gift_card_recipient":false}}},"block_order":["text_GXHYd7","title_AEkjaj","price_tRVid3","variant_picker_wMbR6g","inventory_N9ffLA","buy_buttons_N6KPeL"],"custom_css":[".breadcrumb-default {display: none;}"],"settings":{"color_scheme":"","product_item":"altair-shilajit","section_layout":"container","desktop_alignment":"left","mobile_alignment":"before","gallery_type":"slideshow","image_fit":"cover","is_autoplay":false,"is_hover_stop_autoplay":false,"show_arrows":false,"slideshow_speed":1.1,"slideshow_delay":3,"margin_top":"s","margin_bottom":"s"}},"multicolumn_eKPgxd":{"type":"multicolumn","blocks":{"column_Gx6yKm":{"type":"column","settings":{"icon":"certified","heading":"Stronger Immunity","text":"Supports immune function to help your body fight off illness.","button_label":"","button_link":"","button_dot":true,"button_style":"primary","full_link":false}},"column_UfiEfB":{"type":"column","settings":{"icon":"recycle","heading":"Testosterone + Vitality","text":"Naturally enhances hormone levels for strength and stamina.","button_label":"","button_link":"","button_dot":true,"button_style":"primary","full_link":false}},"column_iGiiGP":{"type":"column","settings":{"icon":"certified","heading":"Energy + Endurance","text":"Boosts cellular energy production to combat fatigue.","button_label":"","button_link":"","button_dot":true,"button_style":"primary","full_link":false}},"column_NYphEf":{"type":"column","settings":{"icon":"tree","heading":"Cognitive Boost","text":"Improves focus, memory, and overall brain health.","button_label":"","button_link":"","button_dot":true,"button_style":"primary","full_link":false}},"column_dCr4pT":{"type":"column","settings":{"icon":"tree","heading":"Heart Health","text":"Supports circulation and cardiovascular function.","button_label":"","button_link":"","button_dot":true,"button_style":"primary","full_link":false}},"column_WztfJr":{"type":"column","settings":{"icon":"return","heading":"Balanced Mood","text":"Helps reduce stress and stabilize emotions.","button_label":"","button_link":"","button_dot":true,"button_style":"primary","full_link":false}},"column_xTwmcj":{"type":"column","settings":{"icon":"recycle","heading":"Healthy Aging","text":"Packed with antioxidants to slow cellular aging.","button_label":"","button_link":"","button_dot":true,"button_style":"primary","full_link":false}},"column_zAJ7wm":{"type":"column","settings":{"icon":"tree","heading":"Metabolism Support","text":"Optimizes nutrient absorption and energy use.","button_label":"","button_link":"","button_dot":true,"button_style":"primary","full_link":false}}},"block_order":["column_Gx6yKm","column_UfiEfB","column_iGiiGP","column_NYphEf","column_dCr4pT","column_WztfJr","column_xTwmcj","column_zAJ7wm"],"settings":{"section_heading":"Powerful Benefits, Limitless You.","section_heading_size":"h1","subheading":"TOTAL WELLNESS","dot":true,"columns_per_row":4,"content_alignment":"left","swipe_on_mobile":true,"card_heading_size":"h4","margin_top":"m","margin_bottom":"m"}},"gallery_carousel_GHmi6i":{"type":"gallery-carousel","blocks":{"carousel_slide_iXwVFX":{"type":"carousel_slide","settings":{"slide_img":"shopify:\/\/shop_images\/1_1.png"}},"carousel_slide_9KtLE9":{"type":"carousel_slide","settings":{"slide_img":"shopify:\/\/shop_images\/2_1.png"}},"carousel_slide_zhQXbM":{"type":"carousel_slide","settings":{"slide_img":"shopify:\/\/shop_images\/3_1.png"}},"carousel_slide_NhKH8d":{"type":"carousel_slide","settings":{"slide_img":"shopify:\/\/shop_images\/4.png"}},"carousel_slide_F76XEr":{"type":"carousel_slide","settings":{"slide_img":"shopify:\/\/shop_images\/5.png"}},"carousel_slide_AACyX3":{"type":"carousel_slide","settings":{"slide_img":"shopify:\/\/shop_images\/6.png"}},"carousel_slide_9EEkdf":{"type":"carousel_slide","settings":{"slide_img":"shopify:\/\/shop_images\/7.png"}},"carousel_slide_NU8ULA":{"type":"carousel_slide","settings":{"slide_img":"shopify:\/\/shop_images\/8.png"}},"carousel_slide_7Yhpmn":{"type":"carousel_slide","settings":{"slide_img":"shopify:\/\/shop_images\/9.png"}},"carousel_slide_NABhJX":{"type":"carousel_slide","settings":{"slide_img":"shopify:\/\/shop_images\/10.png"}},"carousel_slide_XWgGTN":{"type":"carousel_slide","settings":{"slide_img":"shopify:\/\/shop_images\/11.png"}}},"block_order":["carousel_slide_iXwVFX","carousel_slide_9KtLE9","carousel_slide_zhQXbM","carousel_slide_NhKH8d","carousel_slide_F76XEr","carousel_slide_AACyX3","carousel_slide_9EEkdf","carousel_slide_NU8ULA","carousel_slide_7Yhpmn","carousel_slide_NABhJX","carousel_slide_XWgGTN"],"settings":{"section_heading":"","section_heading_size":"h3","subheading":"","dot":true,"line":true,"image_ratio":"4\/3","slideshow_speed":6,"stop_btn":true,"margin_top":"s","margin_bottom":"s"}},"product_markers_WdB7Qz":{"type":"product-markers","blocks":{"marker_bGBFGK":{"type":"marker","settings":{"position_x":33,"position_y":25,"icon_item":"icon_1","heading":"<strong>Sourced at 17,000+ Feet<\/strong>","description":"<p>Harvested from the pristine Altai Mountains for unmatched purity and potency.<\/p>"}},"marker_MKRXKa":{"type":"marker","settings":{"position_x":40,"position_y":58,"icon_item":"icon_2","heading":"<strong>100% Wild-Harvested Resin<\/strong>","description":"<p>No powders or fillers—just pure, bioavailable Shilajit.<\/p>"}},"marker_gCVK8z":{"type":"marker","settings":{"position_x":55,"position_y":73,"icon_item":"icon_3","heading":"<strong>Low-Heat Extraction<\/strong>","description":"<p>Preserves vital nutrients and bioactive compounds for maximum impact.<\/p>"}},"marker_QjNi7d":{"type":"marker","settings":{"position_x":50,"position_y":40,"icon_item":"icon_4","heading":"<strong>Third-Party Lab Tested<\/strong>","description":"<p>Guaranteed free from heavy metals, pesticides, and contaminants.<\/p>"}},"marker_Ym33VJ":{"type":"marker","settings":{"position_x":63,"position_y":30,"icon_item":"icon_1","heading":"<strong>Full-Spectrum Nutrients<\/strong>","description":"<p>Packed with 85+ trace minerals, fulvic acid, and antioxidants.<\/p>"}},"marker_D9VfiJ":{"type":"marker","settings":{"position_x":63,"position_y":60,"icon_item":"icon_7","heading":"<strong>Powerful, Lasting Benefits<\/strong>","description":"<p>Boosts energy, focus, immunity, and overall wellness at the cellular level.<\/p>"}}},"block_order":["marker_bGBFGK","marker_MKRXKa","marker_gCVK8z","marker_QjNi7d","marker_Ym33VJ","marker_D9VfiJ"],"settings":{"color_scheme":"","section_heading":"","section_heading_size":"h2","subheading":"","dot":false,"line":false,"image":"shopify:\/\/shop_images\/Product_photo_shilajit.png","overlay_opacity":0,"margin_top":"xs","margin_bottom":"xs"}},"testimonials_jbRNEW":{"type":"testimonials","blocks":{"testimonials_slide_r9Vn7C":{"type":"testimonials_slide","settings":{"text":"<strong>\"Game changer! My energy levels are through the roof, and my focus has never been sharper. No crashes, just pure, steady energy.\"<\/strong>","author_name":"– Mark R.","position_name":"","enable_stars":true,"rating":5}},"testimonials_slide_N9La3b":{"type":"testimonials_slide","settings":{"text":"<strong>\"Tried a few brands, but this one is on another level. You can tell it’s the real deal—pure, potent, and it actually works.\"<\/strong>","author_name":"– Lisa M.","position_name":"","enable_stars":true,"rating":5}},"testimonials_slide_gAjdFa":{"type":"testimonials_slide","settings":{"text":"<strong>\"Was skeptical at first, but after a week, I feel more energized, my workouts are stronger, and even my sleep has improved.\"<\/strong>","author_name":"– Jake S.","position_name":"","enable_stars":true,"rating":5}},"testimonials_slide_hgAnBt":{"type":"testimonials_slide","settings":{"text":"<strong>\"Absolutely love it. No fillers, no weird aftertaste—just pure Shilajit that delivers. I feel more balanced and clear-headed.\"<\/strong>","author_name":"– Sarah T.","position_name":"","enable_stars":true,"rating":5}},"testimonials_slide_HDx9GK":{"type":"testimonials_slide","settings":{"text":"<strong>\"This stuff is powerful. My stamina, focus, and overall well-being have all improved. Definitely sticking with Altair Pure!\"<\/strong>","author_name":"– Chris D.","position_name":"","enable_stars":true,"rating":5}}},"block_order":["testimonials_slide_r9Vn7C","testimonials_slide_N9La3b","testimonials_slide_gAjdFa","testimonials_slide_hgAnBt","testimonials_slide_HDx9GK"],"settings":{"section_heading":"","section_heading_size":"h2","subheading":"","dot":true,"is_autoplay":true,"is_hover_stop_autoplay":true,"slideshow_speed":1.1,"slideshow_delay":4,"button_style":"tertiary","margin_top":"xl","margin_bottom":"no-indent"}},"image_collage_fAt8Wt":{"type":"image-collage","blocks":{"image_zaPDDa":{"type":"image","settings":{"slide_img":"shopify:\/\/shop_images\/9.png"}},"image_eUTpJk":{"type":"image","settings":{"slide_img":"shopify:\/\/shop_images\/8.png"}},"image_UfmFWk":{"type":"image","settings":{"slide_img":"shopify:\/\/shop_images\/6.png"}},"image_6QmpAX":{"type":"image","settings":{"slide_img":"shopify:\/\/shop_images\/2_1.png"}}},"block_order":["image_zaPDDa","image_eUTpJk","image_UfmFWk","image_6QmpAX"],"settings":{"color_scheme":"background-2","image-collage_heading":"Unlock Your Best Self","text":"Wellness tips, performance hacks, and insights for your daily grind.","image":"shopify:\/\/shop_images\/Altair_Main-removebg-preview_4804c454-228c-402e-a9b4-f7ca21dd1140.png","image_ratio":"1\/1","author_name":"@altairpure","followers":"","button_label":"FOLLOW @altairpure","button_link":"https:\/\/www.instagram.com\/altairpure?igsh=MWh2MzFtemt1Y2U4OQ==","button_dot":true,"button_style":"primary","slideshow_speed":6,"margin_top":"s","margin_bottom":"s"}},"newsletter_fp7GUw":{"type":"newsletter","disabled":true,"settings":{"color_scheme":"","v_align":"column","heading":"Heading for subscribe form","heading_size":"h1","newsletter_text":"","section_button_style":"primary","button_dot":true,"margin_top":"m","margin_bottom":"m","padding_top":"m","padding_bottom":"m"}},"collapsible_content_BUpET3":{"type":"collapsible-content","blocks":{"accordion_wVDRLc":{"type":"accordion","settings":{"question":"What makes Altair Pure Shilajit different from other brands?","answer":" Altair Pure stands out because we source our Shilajit from the pristine Altai Mountains, ensuring the highest quality and purity. Our Shilajit is lab-tested, rich in fulvic acid, and packed with 85+ trace minerals, providing you with unmatched potency and benefits.","default_open":false}},"accordion_6w9e8M":{"type":"accordion","settings":{"question":"How do I know Altair Pure is really the purest?","answer":" We pride ourselves on transparency. Altair Pure is tested in certified labs to guarantee the purity of every batch. Our commitment to quality ensures that you get only the most potent, unadulterated Shilajit available on the market.","default_open":false}},"accordion_bFRtM8":{"type":"accordion","settings":{"question":"What are the key benefits of Shilajit?","answer":"Shilajit boosts energy, improves cognitive function, enhances focus, and supports overall wellness. It's packed with powerful antioxidants and minerals that promote vitality, better immunity, and long-lasting health.","default_open":false}},"accordion_YraFpa":{"type":"accordion","settings":{"question":"How should I take Altair Pure tablets for the best results?","answer":"Take one to two Altair Pure tablets daily with a glass of water. For best results, take them consistently, preferably in the morning or with your meals. The tablets are convenient and easily digestible, making them perfect for a daily health routine.","default_open":false}}},"block_order":["accordion_wVDRLc","accordion_6w9e8M","accordion_bFRtM8","accordion_YraFpa"],"settings":{"section_layout":"row","icon_style":"primary","section_heading":"Your Questions, Answered","section_heading_size":"h2","section_subheading":"","dot":false,"section_button_label":"READ FAQS","section_button_link":"shopify:\/\/pages\/faqs","button_dot":true,"section_button_style":"primary","margin_top":"s","margin_bottom":"s"}}},"order":["slideshow_HXHbtm","blockquote_rwtxJE","image_with_text_diybjH","card-list","featured_product_A4wcRb","multicolumn_eKPgxd","gallery_carousel_GHmi6i","product_markers_WdB7Qz","testimonials_jbRNEW","image_collage_fAt8Wt","newsletter_fp7GUw","collapsible_content_BUpET3"]}