{"sections":{"main":{"type":"main-page","disabled":true,"settings":{"heading_size":"h3","margin_top":"no-indent","margin_bottom":"m"}},"blockquote_mQgh8Y":{"type":"blockquote","settings":{"section_subheading":"","dot":true,"blockquote":"Our commitment to quality is unmatched—every batch is rigorously tested to ensure the highest purity, potency, and safety.","section_blockquote_size":"h1","author_name":"","author_position":"","section_button_label":"VIEW ORIGINAL LAB RESULTS","section_button_link":"https:\/\/cdn.shopify.com\/s\/files\/1\/0727\/9889\/6342\/files\/Final_Altair_Shilapure_Lab_Test_1.pdf?v=1741641572","button_dot":true,"section_button_style":"primary","margin_top":"s","margin_bottom":"s"}},"image_banner_QF3aqh":{"type":"image-banner","settings":{"color_scheme":"","heading":"","section_heading":"","section_heading_size":"h1","subheading":"","dot":true,"image":"shopify:\/\/shop_images\/Lab.png","image_ratio":"21\/9","animation":false,"overlay_enable":false,"overlay_opacity":0.2,"margin_top":"xs","margin_bottom":"s"}},"rich_text_PifATa":{"type":"rich-text","settings":{"section_layout":"row","subheading":"","heading":"What Is Shilajit and Why Purity Matters","heading_size":"h2","dot":true,"text":"<p>Shilajit is a powerful natural substance, packed with essential minerals and bioactive compounds that have been used for centuries to enhance health. However, not all Shilajit is created equal. The purity and potency of Shilajit are directly related to its effectiveness. That's why rigorous testing is crucial to ensure you’re getting the full benefits of this ancient superfood.<\/p>","margin_top":"s","margin_bottom":"s"}},"multicolumn_rqNNhK":{"type":"multicolumn","blocks":{"column_aQUrzw":{"type":"column","settings":{"icon":"none","heading":"Heavy Metals Testing","text":"Toxic metals like Arsenic, Lead, Cadmium, and Mercury can accumulate in the body and cause serious health problems. We test to ensure these metals are far below harmful levels.","button_label":"","button_link":"","button_dot":true,"button_style":"primary","full_link":false}},"column_zYL4XX":{"type":"column","settings":{"icon":"none","heading":"Microbiological Contaminants","text":"Bacteria and microbes can cause infections and illnesses. We test to ensure our Shilajit is free from any harmful pathogens, ensuring its safety.","button_label":"","button_link":"","button_dot":true,"button_style":"primary","full_link":false}},"column_pzpywW":{"type":"column","settings":{"icon":"none","heading":"Harmful Pesticides","text":"Pesticides left from harvesting can be toxic. We ensure our Shilajit is completely pesticide-free, preserving its purity and safety.","button_label":"","button_link":"","button_dot":true,"button_style":"primary","full_link":false}},"column_CiGY89":{"type":"column","settings":{"icon":"none","heading":"Minerals & Bioactive Compounds","text":"Shilajit is rich in minerals like Fulvic Acid, Magnesium, Zinc, and Iron. We test for these to ensure the highest potency and effectiveness for maximum benefits.","button_label":"","button_link":"","button_dot":true,"button_style":"primary","full_link":false}}},"block_order":["column_aQUrzw","column_zYL4XX","column_pzpywW","column_CiGY89"],"settings":{"section_heading":"What We Test For and Why It Matters","section_heading_size":"h1","subheading":"ENSURING PURITY","dot":true,"columns_per_row":4,"content_alignment":"left","swipe_on_mobile":true,"card_heading_size":"h4","margin_top":"m","margin_bottom":"m"}},"image_with_text_i7x8W8":{"type":"image-with-text","settings":{"color_scheme":"","image_position":"image_left","content_alignment":"left","image":"shopify:\/\/shop_images\/Shilajit.png","image_size":"1\/1","subheading":"ONLY THE PUREST","dot":true,"heading":"Purity Drives Performance","heading_size":"h1","text":"<p>At Altair Pure, each batch is carefully sourced, packed for freshness, and tested by an independent, ISO-17025 certified lab for contaminants like heavy metals, microbes, and pesticides. Our Shilajit boasts superior mineral levels for maximum benefits, while others may contain fillers or contaminants that reduce effectiveness and safety.<\/p>","button_label":"","button_link":"","button_style":"primary","button_dot":true,"margin_top":"s","margin_bottom":"s"}},"card_list_rW6Xxz":{"type":"card-list","blocks":{"card_f9n3FB":{"type":"card","settings":{"image":"shopify:\/\/shop_images\/Fulvic.png","badge":"FULVIC ACID","badge_style":"primary","text":"<heading><h3>Unmatched Potency<\/h3>\nAt 86.55%, our Fulvic Acid far exceeds the 75% industry standard, ensuring maximum effectiveness and quality.<\/heading>"}},"card_G93Wky":{"type":"card","settings":{"image":"shopify:\/\/shop_images\/Metals.png","badge":"HEAVY METALS","badge_style":"primary","text":"<heading><h3>Rigorous Safety Standards<\/h3>\nTested for arsenic, lead, and mercury—ensuring levels are well below harmful limits.\n<\/heading>"}},"card_U7VyLz":{"type":"card","settings":{"image":"shopify:\/\/shop_images\/Minerals.png","badge":"MINERALS","badge_style":"primary","text":"<heading><h3>Essential Nutrient Density<\/h3>\nHigh levels of Calcium, Magnesium, Potassium, and other vital minerals, ensuring optimal potency.<\/heading>"}}},"block_order":["card_f9n3FB","card_G93Wky","card_U7VyLz"],"settings":{"section_heading":"","section_heading_size":"h3","subheading":"","dot":true,"line":true,"columns_per_row":3,"image_ratio":"3\/4","columns_mobile":"1","swipe_on_mobile":false,"margin_top":"s","margin_bottom":"s"}}},"order":["main","blockquote_mQgh8Y","image_banner_QF3aqh","rich_text_PifATa","multicolumn_rqNNhK","image_with_text_i7x8W8","card_list_rW6Xxz"]}