{"sections":{"main":{"type":"main-page","disabled":true,"settings":{"heading_size":"h3","margin_top":"no-indent","margin_bottom":"m"}},"collapsible_content_aQpJ83":{"type":"collapsible-content","blocks":{"accordion_6hxVEi":{"type":"accordion","settings":{"question":"What makes Altair Pure Shilajit different from other brands?","answer":"Altair Pure stands out because we source our Shilajit from the pristine Altai Mountains, ensuring the highest quality and purity. Our Shilajit is lab-tested, rich in fulvic acid, and packed with 85+ trace minerals, providing you with unmatched potency and benefits.","default_open":false}},"accordion_NgTCqA":{"type":"accordion","settings":{"question":"How do I know Altair Pure is really the purest?","answer":"We pride ourselves on transparency. Altair Pure is tested in certified labs to guarantee the purity of every batch. Our commitment to quality ensures that you get only the most potent, unadulterated Shilajit available on the market.","default_open":false}},"accordion_HPpcfc":{"type":"accordion","settings":{"question":"What are the key benefits of Shilajit?","answer":"Shilajit boosts energy, improves cognitive function, enhances focus, and supports overall wellness. It's packed with powerful antioxidants and minerals that promote vitality, better immunity, and long-lasting health.","default_open":false}},"accordion_K7WfBn":{"type":"accordion","settings":{"question":"How should I take Altair Pure tablets for the best results?","answer":"Take one to two Altair Pure tablets daily with a glass of water. For best results, take them consistently, preferably in the morning or with your meals. The tablets are convenient and easily digestible, making them perfect for a daily health routine.","default_open":false}},"accordion_ETFrY9":{"type":"accordion","settings":{"question":"Can I use Altair Pure daily?","answer":"Absolutely! Altair Pure is safe for daily use. Many of our customers incorporate it into their routine to maintain energy levels, enhance focus, and support their overall health.","default_open":false}},"accordion_ebcPri":{"type":"accordion","settings":{"question":"Is Altair Pure suitable for everyone?","answer":"Altair Pure is generally safe for most people. However, if you are pregnant, nursing, or have any pre-existing medical conditions, we recommend consulting your healthcare provider before use.","default_open":false}},"accordion_brcahk":{"type":"accordion","settings":{"question":"How long will it take to feel the effects?","answer":"Most users report feeling more energized and focused within a few days of use. However, individual results may vary. For optimal results, consistency is key—use it daily to experience the full benefits.","default_open":false}},"accordion_Ppq8Jg":{"type":"accordion","settings":{"question":"Is Altair Pure lab-tested for purity and quality?","answer":"Yes, Altair Pure undergoes rigorous lab testing to ensure it meets the highest standards of purity and potency. We guarantee that you’re getting only the finest Shilajit with every dose.","default_open":false}},"accordion_9qpf8N":{"type":"accordion","settings":{"question":"What's better—tablets or resin?","answer":"Both forms have their benefits, but Altair Pure tablets are more potent and convenient. Tablets undergo minimal processing, preserving the full potency of Shilajit, while providing an easy-to-take form. While some say resin is better, it’s the quality of the actual substance that matters most—Altair Pure offers the purest, most powerful Shilajit available, no matter the form.","default_open":false}}},"block_order":["accordion_6hxVEi","accordion_NgTCqA","accordion_HPpcfc","accordion_K7WfBn","accordion_ETFrY9","accordion_ebcPri","accordion_brcahk","accordion_Ppq8Jg","accordion_9qpf8N"],"settings":{"section_layout":"column","icon_style":"primary","section_heading":"Frequently Asked Questions","section_heading_size":"h2","section_subheading":"","dot":false,"section_button_label":"","section_button_link":"","button_dot":true,"section_button_style":"primary","margin_top":"s","margin_bottom":"s"}}},"order":["main","collapsible_content_aQpJ83"]}