{"sections":{"main":{"type":"main-page","disabled":true,"settings":{"heading_size":"h3","margin_top":"no-indent","margin_bottom":"no-indent"}},"image_banner_cqTVez":{"type":"image-banner","settings":{"color_scheme":"","heading":"","section_heading":"Shilajit boosts energy, focus, mood, immunity, and heart health—enhancing vitality and longevity.","section_heading_size":"h1","subheading":"","dot":true,"image":"shopify:\/\/shop_images\/Shop_page_shilajit.png","image_ratio":"21\/9","animation":false,"overlay_enable":false,"overlay_opacity":0.2,"margin_top":"xl","margin_bottom":"no-indent"}},"rich-text":{"type":"rich-text","settings":{"section_layout":"row","subheading":"our ethos","heading":"Forged by Time, Perfected by Nature","heading_size":"h2","dot":true,"text":"<p>The Altai Mountains formed 50 million years ago, trapping plant matter that, under extreme pressure and shifting temperatures, became a rare, mineral-rich resin. With compounds from hundreds of plants, Shilajit can’t be lab-made—it only exists in nature. Its composition varies by region and altitude, making it one of nature’s most potent super nutrients.<\/p>","margin_top":"xl","margin_bottom":"no-indent"}},"image_with_text_3GpY8C":{"type":"image-with-text","settings":{"color_scheme":"","image_position":"image_left","content_alignment":"left","image":"shopify:\/\/shop_images\/Gold_standard_2.png","image_size":"1\/1","subheading":"","dot":false,"heading":"Pure Power","heading_size":"h1","text":"<p>Our Shilajit is carefully extracted using a low-heat process to preserve its full nutrient profile. Free from fillers, heavy metals, and contaminants—every batch is lab-tested to ensure unmatched quality and potency.<\/p>","button_label":"VIEW LAB RESULTS","button_link":"https:\/\/cdn.shopify.com\/s\/files\/1\/0727\/9889\/6342\/files\/Final_Altair_Shilapure_Lab_Test_1.pdf?v=1741641572","button_style":"primary","button_dot":true,"margin_top":"s","margin_bottom":"s"}},"gallery_carousel_QUkeeh":{"type":"gallery-carousel","blocks":{"carousel_slide_DPN3nH":{"type":"carousel_slide","settings":{"slide_img":"shopify:\/\/shop_images\/1_2.png"}},"carousel_slide_UQQwKV":{"type":"carousel_slide","settings":{"slide_img":"shopify:\/\/shop_images\/2_2.png"}},"carousel_slide_aPyUt9":{"type":"carousel_slide","settings":{"slide_img":"shopify:\/\/shop_images\/3_2.png"}},"carousel_slide_qgKE6R":{"type":"carousel_slide","settings":{"slide_img":"shopify:\/\/shop_images\/4_1.png"}},"carousel_slide_VnjWwb":{"type":"carousel_slide","settings":{"slide_img":"shopify:\/\/shop_images\/6_1.png"}},"carousel_slide_E7rR3b":{"type":"carousel_slide","settings":{"slide_img":"shopify:\/\/shop_images\/7_3.png"}},"carousel_slide_nidKmU":{"type":"carousel_slide","settings":{"slide_img":"shopify:\/\/shop_images\/8_2.png"}}},"block_order":["carousel_slide_DPN3nH","carousel_slide_UQQwKV","carousel_slide_aPyUt9","carousel_slide_qgKE6R","carousel_slide_VnjWwb","carousel_slide_E7rR3b","carousel_slide_nidKmU"],"settings":{"section_heading":"","section_heading_size":"h3","subheading":"","dot":true,"line":false,"image_ratio":"3\/2","slideshow_speed":6,"stop_btn":true,"margin_top":"xl","margin_bottom":"no-indent"}},"numbered_list_ighUVj":{"type":"numbered-list","blocks":{"numbered_item_kWnGAL":{"type":"numbered_item","settings":{"heading":"Sourced at 17,000+ Feet","text":"Harvested from the pristine Altai Mountains for unmatched purity and potency."}},"numbered_item_48NQq9":{"type":"numbered_item","settings":{"heading":"100% Wild-Harvested Resin","text":"No powders or fillers—just pure, bioavailable Shilajit."}},"numbered_item_9PXgjz":{"type":"numbered_item","settings":{"heading":"Low-Heat Extraction","text":"Preserves vital nutrients and bioactive compounds for maximum impact."}},"numbered_item_FHWKX6":{"type":"numbered_item","settings":{"heading":"Third-Party Lab Tested","text":"Guaranteed free from heavy metals, pesticides, and contaminants."}},"numbered_item_BHEwrT":{"type":"numbered_item","settings":{"heading":"Full-Spectrum Nutrients","text":"Full-Spectrum Nutrients\nPacked with 85+ trace minerals, fulvic acid, and antioxidants."}},"numbered_item_f73LPW":{"type":"numbered_item","settings":{"heading":"Powerful, Lasting Benefits","text":"Boosts energy, focus, immunity, and overall wellness at the cellular level."}}},"block_order":["numbered_item_kWnGAL","numbered_item_48NQq9","numbered_item_9PXgjz","numbered_item_FHWKX6","numbered_item_BHEwrT","numbered_item_f73LPW"],"settings":{"section_heading":"What Sets Us Apart","section_heading_size":"h2","subheading":"","dot":true,"columns_per_row":2,"swipe_on_mobile":false,"card_heading_size":"h3","margin_top":"xl","margin_bottom":"no-indent"}},"newsletter":{"type":"newsletter","disabled":true,"settings":{"color_scheme":"background-1","v_align":"column","heading":"Heading for subscribe form","heading_size":"h1","newsletter_text":"","section_button_style":"primary","button_dot":true,"margin_top":"m","margin_bottom":"m","padding_top":"m","padding_bottom":"m"}},"collapsible_content_DDXWDC":{"type":"collapsible-content","blocks":{"accordion_CRdD8P":{"type":"accordion","settings":{"question":"What makes Altair Pure Shilajit different from other brands?","answer":" Altair Pure stands out because we source our Shilajit from the pristine Altai Mountains, ensuring the highest quality and purity. Our Shilajit is lab-tested, rich in fulvic acid, and packed with 85+ trace minerals, providing you with unmatched potency and benefits.","default_open":false}},"accordion_GA3Ppb":{"type":"accordion","settings":{"question":"How do I know Altair Pure is really the purest?","answer":" We pride ourselves on transparency. Altair Pure is tested in certified labs to guarantee the purity of every batch. Our commitment to quality ensures that you get only the most potent, unadulterated Shilajit available on the market.","default_open":false}},"accordion_KKD99Y":{"type":"accordion","settings":{"question":"What are the key benefits of Shilajit?","answer":" Shilajit boosts energy, improves cognitive function, enhances focus, and supports overall wellness. It's packed with powerful antioxidants and minerals that promote vitality, better immunity, and long-lasting health.","default_open":false}},"accordion_yfcj9a":{"type":"accordion","settings":{"question":"How should I take Altair Pure tablets for the best results?","answer":" Take one to two Altair Pure tablets daily with a glass of water. For best results, take them consistently, preferably in the morning or with your meals. The tablets are convenient and easily digestible, making them perfect for a daily health routine.","default_open":false}}},"block_order":["accordion_CRdD8P","accordion_GA3Ppb","accordion_KKD99Y","accordion_yfcj9a"],"settings":{"section_layout":"row","icon_style":"primary","section_heading":"Your Questions, Answered","section_heading_size":"h2","section_subheading":"","dot":false,"section_button_label":"READ FAQS","section_button_link":"shopify:\/\/pages\/faqs","button_dot":true,"section_button_style":"primary","margin_top":"s","margin_bottom":"s"}}},"order":["main","image_banner_cqTVez","rich-text","image_with_text_3GpY8C","gallery_carousel_QUkeeh","numbered_list_ighUVj","newsletter","collapsible_content_DDXWDC"]}