{"sections":{"main-product":{"type":"main-product","blocks":{"vendor":{"type":"text","disabled":true,"settings":{"text":"{{ product.vendor }}"}},"title":{"type":"title","settings":{"heading_size":"h2"}},"description":{"type":"description","settings":{"description":""}},"price":{"type":"price","settings":{"show_tax_info":false,"show_shipping":false}},"variant_picker":{"type":"variant_picker","settings":{"picker_type":"button"}},"inventory":{"type":"inventory","settings":{"show_inventory_quantity":true}},"popup":{"type":"popup","settings":{"label":"Popup link text","page":"","heading":"Popup heading","text":"<p>Some text<\/p>"}},"buy_buttons":{"type":"buy_buttons","settings":{"show_dynamic_checkout":true,"show_quantity":true,"show_gift_card_recipient":false}},"pickup_availability":{"type":"pickup_availability","settings":{}},"text_with_icon":{"type":"text_with_icon","settings":{"icon":"file-return","text_with_icon_text":"14 Days Return Policy","icon_second":"file-return","text_with_icon_text-second":""}},"share":{"type":"share","settings":{"show_share_facebook":true,"show_share_twitter":true,"show_share_telegram":true,"show_share_reddit":true,"show_share_copy":true}}},"block_order":["vendor","title","description","price","variant_picker","inventory","popup","buy_buttons","pickup_availability","text_with_icon","share"],"settings":{"color_scheme":"","header_overlay":false,"show_navigation":true,"section_layout":"container","desktop_alignment":"left","mobile_alignment":"before","gallery_type":"thumbs_aside","image_fit":"cover","image_fit_modal":"contain","is_autoplay":false,"is_hover_stop_autoplay":false,"show_arrows":false,"slideshow_speed":1.1,"slideshow_delay":3,"margin_top":"s","margin_bottom":"s"}},"blockquote":{"type":"blockquote","settings":{"section_subheading":"About","dot":true,"blockquote":"Altair Pure Shilajit is for those who demand more—high performers, wellness seekers, and anyone ready to unlock peak energy, focus, and resilience.","section_blockquote_size":"h1","author_name":"","author_position":"","section_button_label":"Read about us","section_button_link":"shopify:\/\/pages\/why-altair","button_dot":true,"section_button_style":"primary","margin_top":"xl","margin_bottom":"no-indent"}},"image-banner":{"type":"image-banner","settings":{"color_scheme":"background-1","heading":"","section_heading":"","section_heading_size":"h2","subheading":"","dot":true,"image":"shopify:\/\/shop_images\/Shop_page_photo.png","image_ratio":"21\/9","animation":false,"overlay_enable":true,"overlay_opacity":0.2,"margin_top":"xs","margin_bottom":"no-indent"}},"image_with_text_XtxPDe":{"type":"image-with-text","settings":{"color_scheme":"","image_position":"image_left","content_alignment":"left","image":"shopify:\/\/shop_images\/Gold_standard_2.png","image_size":"1\/1","subheading":"","dot":true,"heading":"Nature’s Ultimate Super Nutrient","heading_size":"h1","text":"<p>Formed over millions of years, Shilajit is a rare, mineral-rich resin with 85+ trace minerals, fulvic acid, humic acid, antioxidants, and amino acids. It fuels your body at a cellular level, optimizing energy, cognition, and longevity.<\/p>","button_label":"VIEW LAB RESULTS","button_link":"https:\/\/cdn.shopify.com\/s\/files\/1\/0727\/9889\/6342\/files\/Final_Altair_Shilapure_Lab_Test_1.pdf?v=1741641572","button_style":"primary","button_dot":true,"margin_top":"s","margin_bottom":"s"}},"product-complementary":{"type":"product-complementary","disabled":true,"settings":{"columns_per_row":3,"products_limit":3,"autoplay":false,"stop_autoplay":true,"show_arrows":true,"slideshow_speed":1.1,"slideshow_delay":3,"section_heading":"Complementary Products","section_heading_size":"h3","subheading":"Some Subheading","dot":true,"line":true,"image_ratio":"square","image_fit":"cover","show_collection_name":false,"show_secondary_image":true,"show_sku":false,"show_vendor":false,"show_desc":false,"margin_top":"m","margin_bottom":"no-indent"}},"product-recommendations":{"type":"product-recommendations","disabled":true,"settings":{"columns_per_row":3,"products_limit":3,"autoplay":false,"stop_autoplay":true,"show_arrows":true,"slideshow_speed":1.1,"slideshow_delay":3,"section_heading":"You May Also Like","section_heading_size":"h3","subheading":"Some Subheading","dot":true,"line":true,"image_ratio":"square","image_fit":"cover","show_collection_name":false,"show_secondary_image":true,"show_sku":false,"show_vendor":false,"show_desc":false,"margin_top":"m","margin_bottom":"no-indent"}}},"order":["main-product","blockquote","image-banner","image_with_text_XtxPDe","product-complementary","product-recommendations"]}